harsh,harsh123
tanu,tanu123
preeti,preeti123
arpit,arpit123
ankush,ankush123
sanskar,sanskar123
gita,gita123
shashank,shashank123
test123,test123
kajal,kajal123
yashapal,yashpal123
kirti,kirti123
priya,priyaa
ashutosh,ashutosh123
asd,asd
asdf,asdf
test7,test7
tina,tina123
faculty1,faculty1
FACULTY4,faculty4
tanuag,tanuagg
test0,test0
